t_s,fps,cpu_ms,gpu_ms,sim_ms,draw_calls,thermal,battery_c,tier
46.2,0.8,16.55,5.00,0.000,-1,0,30.5,0
47.3,59.1,56.10,9.15,6.145,-1,0,30.5,0
48.3,60.0,16.66,8.88,5.944,-1,0,30.5,0
49.3,60.0,16.71,8.72,5.897,-1,0,30.5,0
50.3,60.0,16.61,8.63,5.824,-1,0,30.5,0
51.3,60.0,16.66,8.89,5.740,-1,0,30.5,0
52.3,60.0,16.66,9.94,5.604,-1,0,30.5,0
53.4,60.0,16.66,9.44,5.519,-1,0,30.5,0
54.4,60.0,16.66,9.43,5.136,-1,0,30.5,0
55.4,60.0,16.66,9.63,5.311,-1,0,30.5,0
56.4,60.0,16.68,9.27,5.194,-1,0,30.5,0
57.4,60.0,16.66,9.25,5.139,-1,0,30.5,0
58.4,60.0,16.64,8.77,5.229,-1,0,30.5,0
59.4,60.0,16.66,9.13,5.259,-1,0,30.5,0
60.5,60.0,16.66,9.37,5.327,-1,0,30.5,0
61.5,60.0,16.66,10.11,5.214,-1,0,30.5,0
62.5,60.0,16.66,9.31,5.081,-1,0,30.5,0
63.5,60.0,16.66,9.34,5.131,-1,0,30.5,0
64.5,60.0,16.66,9.38,5.336,-1,0,30.5,0
65.5,60.0,16.66,9.10,5.259,-1,0,30.5,0
66.6,60.0,16.66,9.46,5.754,-1,0,30.5,0
67.6,60.0,16.66,9.30,5.559,-1,0,30.5,0
68.6,60.0,16.66,9.67,5.551,-1,0,30.5,0
69.6,60.0,16.66,9.30,5.472,-1,0,30.5,0
70.6,60.0,16.66,9.27,5.404,-1,0,30.5,0
71.6,60.0,16.66,9.20,5.750,-1,0,30.5,0
72.7,60.0,16.66,9.06,5.823,-1,0,30.5,0
73.7,60.0,16.66,8.61,5.876,-1,0,30.5,0
74.7,60.0,16.66,8.51,5.656,-1,0,30.5,0
75.7,60.0,16.66,8.72,5.522,-1,0,30.5,0
76.7,60.0,16.66,8.74,5.482,-1,0,31.9,0
77.7,60.0,16.68,9.23,5.414,-1,0,31.9,0
78.8,60.0,16.63,9.06,5.308,-1,0,31.9,0
79.8,60.0,16.66,8.73,5.590,-1,0,31.9,0
80.8,60.0,16.66,8.63,5.368,-1,0,31.9,0
81.8,60.0,16.66,9.71,5.448,-1,0,31.9,0
82.8,60.0,16.66,9.38,5.408,-1,0,31.9,0
83.8,60.0,16.71,9.37,5.104,-1,0,31.9,0
84.9,60.0,16.61,9.94,5.295,-1,0,31.9,0
85.9,60.0,16.67,9.72,5.636,-1,0,31.9,0
86.9,60.0,16.64,9.80,5.331,-1,0,31.9,0
87.9,60.0,16.66,9.58,5.391,-1,0,31.9,0
88.9,60.0,16.66,9.10,5.350,-1,0,31.9,0
89.9,60.0,16.66,9.09,5.369,-1,0,31.9,0
91.0,60.0,16.66,9.35,5.421,-1,0,31.9,0
92.0,60.0,16.66,9.50,5.640,-1,0,31.9,0
93.0,60.0,16.66,9.67,5.318,-1,0,31.9,0
94.0,60.0,16.66,9.15,5.621,-1,0,31.9,0
95.0,60.0,16.66,9.10,5.532,-1,0,31.9,0
96.0,60.0,16.66,9.25,5.631,-1,0,31.9,0
97.0,60.0,16.66,8.89,5.895,-1,0,31.9,0
98.1,60.0,16.66,8.73,5.783,-1,0,31.9,0
99.1,60.0,16.66,8.71,5.827,-1,0,31.9,0
100.1,60.0,16.67,8.42,5.993,-1,0,31.9,0
101.1,60.0,16.65,8.79,5.472,-1,0,31.9,0
102.1,60.0,16.77,9.08,5.641,-1,0,31.9,0
103.1,60.0,16.55,8.89,5.330,-1,0,31.9,0
104.2,60.0,16.66,9.37,5.164,-1,0,31.9,0
105.2,60.0,16.67,8.90,5.477,-1,0,31.9,0
106.2,60.0,16.65,9.21,5.449,-1,0,31.9,0
107.2,60.0,16.66,9.52,5.474,-1,0,31.9,0
108.2,60.0,16.66,9.78,5.326,-1,0,31.9,0
109.2,60.0,16.66,10.68,5.302,-1,0,31.9,0
110.3,60.0,16.66,9.67,5.120,-1,0,31.9,0
111.3,60.0,16.65,10.13,5.285,-1,0,31.9,0
112.3,60.0,16.66,9.46,5.417,-1,0,31.9,0
113.3,60.0,16.66,9.90,5.384,-1,0,31.9,0
114.3,60.0,16.66,9.10,5.378,-1,0,31.9,0
115.3,60.0,16.66,9.27,5.266,-1,0,31.9,0
116.4,60.0,16.66,9.33,5.563,-1,0,31.9,0
117.4,60.0,16.66,9.42,5.590,-1,0,31.9,0
118.4,60.0,16.66,9.47,5.458,-1,0,31.9,0
119.4,60.0,16.66,8.90,5.574,-1,0,31.9,0
120.4,60.0,16.66,9.10,5.511,-1,0,31.9,0
121.4,60.0,16.66,8.76,5.713,-1,0,31.9,0
122.4,60.0,16.66,8.94,5.813,-1,0,31.9,0
123.5,60.0,16.68,8.97,5.885,-1,0,31.9,0
124.5,60.0,16.64,8.85,5.887,-1,0,31.9,0
125.5,60.0,16.66,8.82,5.706,-1,0,31.9,0
126.5,60.0,16.67,9.39,5.516,-1,0,31.9,0
127.5,60.0,16.65,9.28,5.358,-1,0,31.9,0
128.6,60.0,16.66,9.00,5.435,-1,0,31.9,0
129.6,60.0,16.66,9.34,5.447,-1,0,31.9,0
130.6,60.0,16.68,9.67,5.486,-1,0,31.9,0
131.6,60.0,16.65,9.47,5.258,-1,0,31.9,0
132.6,60.0,16.65,9.21,5.207,-1,0,31.9,0
133.6,60.0,16.66,9.53,5.365,-1,0,31.9,0
134.7,60.0,16.66,10.18,5.423,-1,0,31.9,0
135.7,60.0,16.66,10.30,5.283,-1,0,33.7,0
136.7,60.0,16.66,9.85,5.340,-1,0,33.7,0
137.7,60.0,16.66,9.59,5.226,-1,0,33.7,0
138.7,60.0,16.71,9.17,5.306,-1,0,33.7,0
139.7,60.0,16.61,9.46,5.446,-1,0,33.7,0
140.7,60.0,16.66,9.51,5.279,-1,0,33.7,0
141.8,60.0,16.66,9.12,5.798,-1,0,33.7,0
142.8,60.0,16.66,9.02,5.751,-1,0,33.7,0
143.8,60.0,16.66,9.22,5.574,-1,0,33.7,0
144.8,60.0,16.66,9.12,5.504,-1,0,33.7,0
145.8,60.0,16.66,9.07,5.459,-1,0,33.7,0
146.8,60.0,16.66,9.00,5.485,-1,0,33.7,0
147.9,60.0,16.66,8.77,5.883,-1,0,33.7,0
148.9,60.0,16.66,8.99,5.730,-1,0,33.7,0
149.9,60.0,16.68,8.61,6.055,-1,0,33.7,0
150.9,60.0,16.65,9.08,5.603,-1,0,33.7,0
151.9,60.0,16.66,8.85,5.640,-1,0,33.7,0
152.9,60.0,16.66,9.01,5.504,-1,0,33.7,0
154.0,60.0,16.68,8.95,5.224,-1,0,33.7,0
155.0,60.0,16.66,8.94,5.145,-1,0,33.7,0
156.0,60.0,16.64,10.21,5.236,-1,0,33.7,0
157.0,60.0,16.66,9.85,5.323,-1,0,33.7,0
158.0,60.0,16.66,9.14,5.229,-1,0,33.7,0
159.0,60.0,16.66,9.83,5.502,-1,0,33.7,0
160.1,60.0,16.67,9.05,5.174,-1,0,33.7,0
161.1,60.0,16.65,9.52,5.209,-1,0,33.7,0
162.1,60.0,16.66,9.42,5.239,-1,0,33.7,0
163.1,60.0,16.66,9.59,5.433,-1,0,33.7,0
164.1,60.0,16.66,9.45,5.435,-1,0,33.7,0
165.1,60.0,16.66,9.02,5.394,-1,0,33.7,0
166.2,60.0,16.66,9.17,5.336,-1,0,33.7,0
167.2,60.0,16.66,9.89,5.794,-1,0,33.7,0
168.2,60.0,16.66,9.37,5.475,-1,0,33.7,0
169.2,60.0,16.67,9.40,5.322,-1,0,33.7,0
170.2,60.0,16.66,9.24,5.631,-1,0,33.7,0
171.2,60.0,16.67,9.51,5.448,-1,0,33.7,0
